filename, input resistance
JM20190327_0009.abf, 267.18342304229736
JM20190327_0015.abf, 510.35428047180176
JM20190409_0015.abf, 21054.746627807617
JM20190409_0024.abf, 29862.34474182129
